number,DG_num,DG,lumo,EA,bv-3.5,f+2,f+3,f+4,f+5,f+6,f-2,f-3,f-4,f-5,f-6,f0-2,f0-3,f0-4,f0-5,f0-6,Q2,Q3,Q4,Q5,Q6
0,1,C1(C2=CC=CC=C2)=NC=CC=C1,-0.03775,0.007041801,0.622082324,0.05431,0.02087,0.13195,0.01935,0.06176,0.04304,0.02618,0.15923,0.01435,0.05704,0.048675,0.023525,0.14559,0.01685,0.0594,-0.18525,-0.20694,-0.20087,-0.20451,-0.17126
1,1,C1(C2=CC=CC=C2)=NC=CC=C1,-0.03775,0.007041801,0.622082324,0.05431,0.02087,0.13195,0.01935,0.06176,0.04304,0.02618,0.15923,0.01435,0.05704,0.048675,0.023525,0.14559,0.01685,0.0594,-0.18525,-0.20694,-0.20087,-0.20451,-0.17126
2,1,C1(C2=CC=CC=C2)=NC=CC=C1,-0.03775,0.007041801,0.622082324,0.05431,0.02087,0.13195,0.01935,0.06176,0.04304,0.02618,0.15923,0.01435,0.05704,0.048675,0.023525,0.14559,0.01685,0.0594,-0.18525,-0.20694,-0.20087,-0.20451,-0.17126
3,1,C1(C2=CC=CC=C2)=NC=CC=C1,-0.03775,0.007041801,0.622082324,0.05431,0.02087,0.13195,0.01935,0.06176,0.04304,0.02618,0.15923,0.01435,0.05704,0.048675,0.023525,0.14559,0.01685,0.0594,-0.18525,-0.20694,-0.20087,-0.20451,-0.17126
4,1,C1(C2=CC=CC=C2)=NC=CC=C1,-0.03775,0.007041801,0.622082324,0.05431,0.02087,0.13195,0.01935,0.06176,0.04304,0.02618,0.15923,0.01435,0.05704,0.048675,0.023525,0.14559,0.01685,0.0594,-0.18525,-0.20694,-0.20087,-0.20451,-0.17126
5,1,C1(C2=CC=CC=C2)=NC=CC=C1,-0.03775,0.007041801,0.622082324,0.05431,0.02087,0.13195,0.01935,0.06176,0.04304,0.02618,0.15923,0.01435,0.05704,0.048675,0.023525,0.14559,0.01685,0.0594,-0.18525,-0.20694,-0.20087,-0.20451,-0.17126
6,2,COC1=CC(C2=CC=CC=C2)=NC=C1,-0.02805,-0.00573308,0.622734579,0.06936,0.01285,0.13392,0.0295,0.04906,0.04293,0.02469,0.15747,0.01382,0.05704,0.056145,0.01877,0.145695,0.02166,0.05305,-0.18389,-0.20722,-0.20177,-0.20552,-0.17171
7,3,CC1=CC(C2=CC=CC=C2)=NC=C1,-0.03231,0.00557562,0.623328597,0.05394,0.01963,0.12827,0.01949,0.05955,0.04296,0.02551,0.15484,0.01272,0.05785,0.04845,0.02257,0.141555,0.016105,0.0587,-0.18583,-0.20722,-0.20178,-0.20485,-0.17135
8,4,FC1=CC(C2=CC=CC=C2)=NC=C1,-0.03968,0.036435573,0.622064853,0.06649,0.01462,0.13293,0.02517,0.05501,0.03967,0.0293,0.1638,0.01438,0.05675,0.05308,0.02196,0.148365,0.019775,0.05588,-0.18216,-0.20592,-0.19712,-0.20415,-0.16847
9,5,ClC1=CC(C2=CC=CC=C2)=NC=C1,-0.04732,0.050454423,0.623305302,0.05538,0.01879,0.12625,0.0177,0.0619,0.03962,0.028,0.16044,0.01372,0.05622,0.0475,0.023395,0.143345,0.01571,0.05906,-0.18209,-0.20548,-0.19678,-0.2038,-0.16867
10,6,O=C(C1=CC(C2=CC=CC=C2)=NC=C1)OC,-0.05508,0.114448073,0.624935939,0.05356,0.00937,0.07809,0.02544,0.01987,0.05558,0.01438,0.15759,0.02496,0.04263,0.05457,0.011875,0.11784,0.0252,0.03125,-0.17055,-0.20358,-0.19852,-0.20601,-0.18356
11,7,N1(C2=CC=CC=C2)C=CC=N1,-0.02442,-0.073387417,0.607464825,0.07458,0.01748,0.15418,0.04819,0.03747,0.05861,0.02373,0.16144,0.0114,0.07124,0.066595,0.020605,0.15781,0.029795,0.054355,-0.22955,-0.19268,-0.21924,-0.1905,-0.21237
12,8,CC1=CN=C(C2=CC=CC=C2)C=C1,-0.03539,-0.000266219,0.621395127,0.04716,0.0233,0.1267,0.01604,0.06325,0.04449,0.02272,0.14716,0.01228,0.05667,0.045825,0.02301,0.13693,0.01416,0.05996,-0.18705,-0.20691,-0.20326,-0.20446,-0.17335
13,9,FC1=CN=C(C2=CC=CC=C2)C=C1,-0.04779,0.017196989,0.622082324,0.04458,0.02727,0.12996,0.01498,0.06781,0.04346,0.02577,0.15525,0.01339,0.05736,0.04402,0.02652,0.142605,0.014185,0.062585,-0.18745,-0.20542,-0.20132,-0.20296,-0.17304
14,10,C1(C2=CC=CC=C2)=NC=CC=N1,-0.05362,0.035847956,0.608879985,0.06348,0.01883,0.1308,0.01883,0.06345,0.04422,0.02598,0.17831,0.02598,0.04421,0.05385,0.022405,0.154555,0.022405,0.05383,-0.16657,-0.21081,-0.19195,-0.21081,-0.16658
15,11,CC1=CC=NC(C2=CC=CC=C2)=N1,-0.04855,0.030149356,0.61281681,0.05604,0.02281,0.12886,0.01507,0.06792,0.04696,0.0219,0.17123,0.02629,0.04255,0.0515,0.022355,0.150045,0.02068,0.055235,-0.16714,-0.21113,-0.19351,-0.21139,-0.16816
16,12,CCC1=CN=C(C2=CC=CC=C2)N=C1,-0.0493,0.034381552,0.608559681,0.05071,0.0238,0.12431,0.01355,0.06737,0.04548,0.02227,0.16058,0.02074,0.04655,0.048095,0.023035,0.142445,0.017145,0.05696,-0.16987,-0.21096,-0.19538,-0.21087,-0.16948
17,14,COC(C=C1)=CC=C1C2=NC=CC=C2,-0.03379,-0.01888404,0.621331066,0.03847,0.02444,0.11417,0.00279,0.08489,0.00871,0.06584,0.08287,0.04794,0.03579,0.02359,0.04514,0.09852,0.025365,0.06034,-0.16387,-0.24646,0.29283,-0.29732,-0.14625
18,15,CC1=CC(C2=CC=C(OC)C=C2)=NC=C1,-0.029,-0.019958185,0.622629752,0.0402,0.02189,0.11141,0.00359,0.08089,0.00975,0.06382,0.08263,0.04553,0.0369,0.024975,0.042855,0.09702,0.02456,0.058895,-0.16425,-0.24672,0.29202,-0.29745,-0.14641
19,16,COC(C=C1)=CC=C1C2=NC=CC=N2,-0.04887,0.008241822,0.608810101,0.08295,0.00428,0.11565,0.01906,0.05117,0.02686,0.06016,0.08186,0.07493,0.00097,0.054905,0.03222,0.098755,0.046995,0.02607,-0.14104,-0.30361,0.30111,-0.25002,-0.14698
20,17,CC(C=C1)=CC=C1C2=NC=CC=C2,-0.03588,-0.001354628,0.621395127,0.0495,0.02242,0.12611,0.00973,0.0641,0.03922,0.02142,0.16021,0.02634,0.04046,0.04436,0.02192,0.14316,0.018035,0.05228,-0.16233,-0.20336,-0.01208,-0.2072,-0.17603
21,18,FC(C=C1)=CC=C1C2=NC=CC=C2,-0.0427,0.014685574,0.621587309,0.05513,0.0211,0.11267,0.01753,0.0654,0.03609,0.04232,0.11566,0.03348,0.04403,0.04561,0.03171,0.114165,0.025505,0.054715,-0.16579,-0.27359,0.3869,-0.27098,-0.1526
22,19,FC(C=C1)=CC=C1C2=NC=CC(C)=C2,-0.03784,0.013154324,0.622897643,0.05554,0.01948,0.10942,0.01798,0.06251,0.03662,0.04098,0.11309,0.03124,0.04483,0.04608,0.03023,0.111255,0.02461,0.05367,-0.16636,-0.27396,0.38613,-0.27125,-0.15265
23,20,O=C(C(C=C1)=CC=C1C2=NC=CC=C2)OCC,-0.0439,0.116932095,0.622099795,0.03676,0.03699,0.08864,0.0378,0.03912,0.04625,0.01117,0.16758,0.00181,0.05459,0.041505,0.02408,0.12811,0.019805,0.046855,-0.19148,-0.1627,-0.15622,-0.15259,-0.17701
24,21,ClC(C=C1)=CC=C1C2=NC=CC=C2,-0.04436,0.043559317,0.621587309,0.05956,0.02019,0.10901,0.02239,0.05163,0.04033,0.02362,0.09425,0.03127,0.0335,0.049945,0.021905,0.10163,0.02683,0.042565,-0.15799,-0.22186,-0.03445,-0.22436,-0.17123
25,22,FC(C(C=C1)=CC=C1C2=NC=CC=C2)(F)F,-0.04902,0.095461198,0.622088148,0.0499,0.02849,0.12595,0.0306,0.05172,0.04867,0.01462,0.15651,0.00621,0.06025,0.049285,0.021555,0.14123,0.018405,0.055985,-0.18244,-0.17684,-0.14323,-0.17415,-0.16884
26,14,COC(C=C1)=CC=C1C2=NC=CC=C2,-0.03379,-0.01888404,0.621331066,0.03847,0.02444,0.11417,0.00279,0.08489,0.00871,0.06584,0.08287,0.04794,0.03579,0.02359,0.04514,0.09852,0.025365,0.06034,-0.16387,-0.24646,0.29283,-0.29732,-0.14625
27,14,COC(C=C1)=CC=C1C2=NC=CC=C2,-0.03379,-0.01888404,0.621331066,0.03847,0.02444,0.11417,0.00279,0.08489,0.00871,0.06584,0.08287,0.04794,0.03579,0.02359,0.04514,0.09852,0.025365,0.06034,-0.16387,-0.24646,0.29283,-0.29732,-0.14625
28,1,C1(C2=CC=CC=C2)=NC=CC=C1,-0.03775,0.007041801,0.622082324,0.05431,0.02087,0.13195,0.01935,0.06176,0.04304,0.02618,0.15923,0.01435,0.05704,0.048675,0.023525,0.14559,0.01685,0.0594,-0.18525,-0.20694,-0.20087,-0.20451,-0.17126
29,1,C1(C2=CC=CC=C2)=NC=CC=C1,-0.03775,0.007041801,0.622082324,0.05431,0.02087,0.13195,0.01935,0.06176,0.04304,0.02618,0.15923,0.01435,0.05704,0.048675,0.023525,0.14559,0.01685,0.0594,-0.18525,-0.20694,-0.20087,-0.20451,-0.17126
30,20,O=C(C(C=C1)=CC=C1C2=NC=CC=C2)OCC,-0.0439,0.116932095,0.622099795,0.03676,0.03699,0.08864,0.0378,0.03912,0.04625,0.01117,0.16758,0.00181,0.05459,0.041505,0.02408,0.12811,0.019805,0.046855,-0.19148,-0.1627,-0.15622,-0.15259,-0.17701
31,20,O=C(C(C=C1)=CC=C1C2=NC=CC=C2)OCC,-0.0439,0.116932095,0.622099795,0.03676,0.03699,0.08864,0.0378,0.03912,0.04625,0.01117,0.16758,0.00181,0.05459,0.041505,0.02408,0.12811,0.019805,0.046855,-0.19148,-0.1627,-0.15622,-0.15259,-0.17701
32,25,CN(C1=CC(C2=CC=CC=C2)=NC=C1)C,-0.01744,-0.018493828,0.628226332,0.04606,0.03102,0.13267,0.01254,0.06774,0.04105,0.00623,0.07593,0.03327,0.01206,0.043555,0.018625,0.1043,0.022905,0.0399,-0.17235,-0.20593,-0.20536,-0.20871,-0.18866
33,3,CC1=CC(C2=CC=CC=C2)=NC=C1,-0.03231,0.00557562,0.623328597,0.05394,0.01963,0.12827,0.01949,0.05955,0.04296,0.02551,0.15484,0.01272,0.05785,0.04845,0.02257,0.141555,0.016105,0.0587,-0.18583,-0.20722,-0.20178,-0.20485,-0.17135
34,6,O=C(C1=CC(C2=CC=CC=C2)=NC=C1)OC,-0.05508,0.114448073,0.624935939,0.05356,0.00937,0.07809,0.02544,0.01987,0.05558,0.01438,0.15759,0.02496,0.04263,0.05457,0.011875,0.11784,0.0252,0.03125,-0.17055,-0.20358,-0.19852,-0.20601,-0.18356
35,26,FC(C1=CC(C2=CC=CC=C2)=NC=C1)(F)F,-0.05668,0.088457735,0.62542513,0.04156,0.02365,0.11398,0.01162,0.0664,0.03987,0.02849,0.16409,0.01559,0.05477,0.040715,0.02607,0.139035,0.013605,0.060585,-0.18126,-0.20498,-0.1949,-0.20319,-0.16814
36,8,CC1=CN=C(C2=CC=CC=C2)C=C1,-0.03539,-0.000266219,0.621395127,0.04716,0.0233,0.1267,0.01604,0.06325,0.04449,0.02272,0.14716,0.01228,0.05667,0.045825,0.02301,0.13693,0.01416,0.05996,-0.18705,-0.20691,-0.20326,-0.20446,-0.17335
37,10,C1(C2=CC=CC=C2)=NC=CC=N1,-0.05362,0.035847956,0.608879985,0.06348,0.01883,0.1308,0.01883,0.06345,0.04422,0.02598,0.17831,0.02598,0.04421,0.05385,0.022405,0.154555,0.022405,0.05383,-0.16657,-0.21081,-0.19195,-0.21081,-0.16658
38,10,C1(C2=CC=CC=C2)=NC=CC=N1,-0.05362,0.035847956,0.608879985,0.06348,0.01883,0.1308,0.01883,0.06345,0.04422,0.02598,0.17831,0.02598,0.04421,0.05385,0.022405,0.154555,0.022405,0.05383,-0.16657,-0.21081,-0.19195,-0.21081,-0.16658
39,7,N1(C2=CC=CC=C2)C=CC=N1,-0.02442,-0.073387417,0.607464825,0.07458,0.01748,0.15418,0.04819,0.03747,0.05861,0.02373,0.16144,0.0114,0.07124,0.066595,0.020605,0.15781,0.029795,0.054355,-0.22955,-0.19268,-0.21924,-0.1905,-0.21237
40,7,N1(C2=CC=CC=C2)C=CC=N1,-0.02442,-0.073387417,0.607464825,0.07458,0.01748,0.15418,0.04819,0.03747,0.05861,0.02373,0.16144,0.0114,0.07124,0.066595,0.020605,0.15781,0.029795,0.054355,-0.22955,-0.19268,-0.21924,-0.1905,-0.21237
41,14,COC(C=C1)=CC=C1C2=NC=CC=C2,-0.03379,-0.01888404,0.621331066,0.03847,0.02444,0.11417,0.00279,0.08489,0.00871,0.06584,0.08287,0.04794,0.03579,0.02359,0.04514,0.09852,0.025365,0.06034,-0.16387,-0.24646,0.29283,-0.29732,-0.14625
42,14,COC(C=C1)=CC=C1C2=NC=CC=C2,-0.03379,-0.01888404,0.621331066,0.03847,0.02444,0.11417,0.00279,0.08489,0.00871,0.06584,0.08287,0.04794,0.03579,0.02359,0.04514,0.09852,0.025365,0.06034,-0.16387,-0.24646,0.29283,-0.29732,-0.14625
43,1,C1(C2=CC=CC=C2)=NC=CC=C1,-0.03775,0.007041801,0.622082324,0.05431,0.02087,0.13195,0.01935,0.06176,0.04304,0.02618,0.15923,0.01435,0.05704,0.048675,0.023525,0.14559,0.01685,0.0594,-0.18525,-0.20694,-0.20087,-0.20451,-0.17126
44,1,C1(C2=CC=CC=C2)=NC=CC=C1,-0.03775,0.007041801,0.622082324,0.05431,0.02087,0.13195,0.01935,0.06176,0.04304,0.02618,0.15923,0.01435,0.05704,0.048675,0.023525,0.14559,0.01685,0.0594,-0.18525,-0.20694,-0.20087,-0.20451,-0.17126
45,20,O=C(C(C=C1)=CC=C1C2=NC=CC=C2)OCC,-0.0439,0.116932095,0.622099795,0.03676,0.03699,0.08864,0.0378,0.03912,0.04625,0.01117,0.16758,0.00181,0.05459,0.041505,0.02408,0.12811,0.019805,0.046855,-0.19148,-0.1627,-0.15622,-0.15259,-0.17701
46,27,CC1=NC(C2=CC=CC=C2)=NC=C1,-0.04855,0.030156849,0.61281681,0.05604,0.02281,0.12886,0.01507,0.06792,0.04696,0.0219,0.17123,0.02629,0.04255,0.0515,0.022355,0.150045,0.02068,0.055235,-0.16714,-0.21113,-0.19351,-0.21139,-0.16816
47,27,CC1=NC(C2=CC=CC=C2)=NC=C1,-0.04855,0.030156849,0.61281681,0.05604,0.02281,0.12886,0.01507,0.06792,0.04696,0.0219,0.17123,0.02629,0.04255,0.0515,0.022355,0.150045,0.02068,0.055235,-0.16714,-0.21113,-0.19351,-0.21139,-0.16816
48,1,C1(C2=CC=CC=C2)=NC=CC=C1,-0.03775,0.007041801,0.622082324,0.05431,0.02087,0.13195,0.01935,0.06176,0.04304,0.02618,0.15923,0.01435,0.05704,0.048675,0.023525,0.14559,0.01685,0.0594,-0.18525,-0.20694,-0.20087,-0.20451,-0.17126
49,1,C1(C2=CC=CC=C2)=NC=CC=C1,-0.03775,0.007041801,0.622082324,0.05431,0.02087,0.13195,0.01935,0.06176,0.04304,0.02618,0.15923,0.01435,0.05704,0.048675,0.023525,0.14559,0.01685,0.0594,-0.18525,-0.20694,-0.20087,-0.20451,-0.17126
50,1,C1(C2=CC=CC=C2)=NC=CC=C1,-0.03775,0.007041801,0.622082324,0.05431,0.02087,0.13195,0.01935,0.06176,0.04304,0.02618,0.15923,0.01435,0.05704,0.048675,0.023525,0.14559,0.01685,0.0594,-0.18525,-0.20694,-0.20087,-0.20451,-0.17126
51,14,COC(C=C1)=CC=C1C2=NC=CC=C2,-0.03379,-0.01888404,0.621331066,0.03847,0.02444,0.11417,0.00279,0.08489,0.00871,0.06584,0.08287,0.04794,0.03579,0.02359,0.04514,0.09852,0.025365,0.06034,-0.16387,-0.24646,0.29283,-0.29732,-0.14625
52,1,C1(C2=CC=CC=C2)=NC=CC=C1,-0.03775,0.007041801,0.622082324,0.05431,0.02087,0.13195,0.01935,0.06176,0.04304,0.02618,0.15923,0.01435,0.05704,0.048675,0.023525,0.14559,0.01685,0.0594,-0.19148,-0.1627,-0.15622,-0.15259,-0.17701
53,20,O=C(C(C=C1)=CC=C1C2=NC=CC=C2)OCC,-0.0439,0.116932095,0.622099795,0.03676,0.03699,0.08864,0.0378,0.03912,0.04625,0.01117,0.16758,0.00181,0.05459,0.041505,0.02408,0.12811,0.019805,0.046855,-0.19148,-0.1627,-0.15622,-0.15259,-0.17701
54,14,COC(C=C1)=CC=C1C2=NC=CC=C2,-0.03379,-0.01888404,0.621331066,0.03847,0.02444,0.11417,0.00279,0.08489,0.00871,0.06584,0.08287,0.04794,0.03579,0.02359,0.04514,0.09852,0.025365,0.06034,-0.16387,-0.24646,0.29283,-0.29732,-0.14625
55,1,C1(C2=CC=CC=C2)=NC=CC=C1,-0.03775,0.007041801,0.622082324,0.05431,0.02087,0.13195,0.01935,0.06176,0.04304,0.02618,0.15923,0.01435,0.05704,0.048675,0.023525,0.14559,0.01685,0.0594,-0.18525,-0.20694,-0.20087,-0.20451,-0.17126
56,7,N1(C2=CC=CC=C2)C=CC=N1,-0.02442,-0.073387417,0.607464825,0.07458,0.01748,0.15418,0.04819,0.03747,0.05861,0.02373,0.16144,0.0114,0.07124,0.066595,0.020605,0.15781,0.029795,0.054355,-0.22955,-0.19268,-0.21924,-0.1905,-0.21237
57,27,CC1=NC(C2=CC=CC=C2)=NC=C1,-0.04855,0.030156849,0.61281681,0.05604,0.02281,0.12886,0.01507,0.06792,0.04696,0.0219,0.17123,0.02629,0.04255,0.0515,0.022355,0.150045,0.02068,0.055235,-0.16714,-0.21113,-0.19351,-0.21139,-0.16816
58,14,COC(C=C1)=CC=C1C2=NC=CC=C2,-0.03379,-0.01888404,0.621331066,0.03847,0.02444,0.11417,0.00279,0.08489,0.00871,0.06584,0.08287,0.04794,0.03579,0.02359,0.04514,0.09852,0.025365,0.06034,-0.16387,-0.24646,0.29283,-0.29732,-0.14625
59,1,C1(C2=CC=CC=C2)=NC=CC=C1,-0.03775,0.007041801,0.622082324,0.05431,0.02087,0.13195,0.01935,0.06176,0.04304,0.02618,0.15923,0.01435,0.05704,0.048675,0.023525,0.14559,0.01685,0.0594,-0.18525,-0.20694,-0.20087,-0.20451,-0.17126
60,20,O=C(C(C=C1)=CC=C1C2=NC=CC=C2)OCC,-0.0439,0.116932095,0.622099795,0.03676,0.03699,0.08864,0.0378,0.03912,0.04625,0.01117,0.16758,0.00181,0.05459,0.041505,0.02408,0.12811,0.019805,0.046855,-0.19148,-0.1627,-0.15622,-0.15259,-0.17701
61,7,N1(C2=CC=CC=C2)C=CC=N1,-0.02442,-0.073387417,0.607464825,0.07458,0.01748,0.15418,0.04819,0.03747,0.05861,0.02373,0.16144,0.0114,0.07124,0.066595,0.020605,0.15781,0.029795,0.054355,-0.22955,-0.19268,-0.21924,-0.1905,-0.21237
62,27,CC1=NC(C2=CC=CC=C2)=NC=C1,-0.04855,0.030156849,0.61281681,0.05604,0.02281,0.12886,0.01507,0.06792,0.04696,0.0219,0.17123,0.02629,0.04255,0.0515,0.022355,0.150045,0.02068,0.055235,-0.16714,-0.21113,-0.19351,-0.21139,-0.16816
63,1,C1(C2=CC=CC=C2)=NC=CC=C1,-0.03775,0.007041801,0.622082324,0.05431,0.02087,0.13195,0.01935,0.06176,0.04304,0.02618,0.15923,0.01435,0.05704,0.048675,0.023525,0.14559,0.01685,0.0594,-0.18525,-0.20694,-0.20087,-0.20451,-0.17126
64,7,N1(C2=CC=CC=C2)C=CC=N1,-0.02442,-0.073387417,0.607464825,0.07458,0.01748,0.15418,0.04819,0.03747,0.05861,0.02373,0.16144,0.0114,0.07124,0.066595,0.020605,0.15781,0.029795,0.054355,-0.22955,-0.19268,-0.21924,-0.1905,-0.21237
65,7,N1(C2=CC=CC=C2)C=CC=N1,-0.02442,-0.073387417,0.607464825,0.07458,0.01748,0.15418,0.04819,0.03747,0.05861,0.02373,0.16144,0.0114,0.07124,0.066595,0.020605,0.15781,0.029795,0.054355,-0.22955,-0.19268,-0.21924,-0.1905,-0.21237
66,7,N1(C2=CC=CC=C2)C=CC=N1,-0.02442,-0.073387417,0.607464825,0.07458,0.01748,0.15418,0.04819,0.03747,0.05861,0.02373,0.16144,0.0114,0.07124,0.066595,0.020605,0.15781,0.029795,0.054355,-0.22955,-0.19268,-0.21924,-0.1905,-0.21237
67,7,N1(C2=CC=CC=C2)C=CC=N1,-0.02442,-0.073387417,0.607464825,0.07458,0.01748,0.15418,0.04819,0.03747,0.05861,0.02373,0.16144,0.0114,0.07124,0.066595,0.020605,0.15781,0.029795,0.054355,-0.22955,-0.19268,-0.21924,-0.1905,-0.21237
68,7,N1(C2=CC=CC=C2)C=CC=N1,-0.02442,-0.073387417,0.607464825,0.07458,0.01748,0.15418,0.04819,0.03747,0.05861,0.02373,0.16144,0.0114,0.07124,0.066595,0.020605,0.15781,0.029795,0.054355,-0.22955,-0.19268,-0.21924,-0.1905,-0.21237
69,7,N1(C2=CC=CC=C2)C=CC=N1,-0.02442,-0.073387417,0.607464825,0.07458,0.01748,0.15418,0.04819,0.03747,0.05861,0.02373,0.16144,0.0114,0.07124,0.066595,0.020605,0.15781,0.029795,0.054355,-0.22955,-0.19268,-0.21924,-0.1905,-0.21237
70,7,N1(C2=CC=CC=C2)C=CC=N1,-0.02442,-0.073387417,0.607464825,0.07458,0.01748,0.15418,0.04819,0.03747,0.05861,0.02373,0.16144,0.0114,0.07124,0.066595,0.020605,0.15781,0.029795,0.054355,-0.22955,-0.19268,-0.21924,-0.1905,-0.21237
71,7,N1(C2=CC=CC=C2)C=CC=N1,-0.02442,-0.073387417,0.607464825,0.07458,0.01748,0.15418,0.04819,0.03747,0.05861,0.02373,0.16144,0.0114,0.07124,0.066595,0.020605,0.15781,0.029795,0.054355,-0.22955,-0.19268,-0.21924,-0.1905,-0.21237
72,7,N1(C2=CC=CC=C2)C=CC=N1,-0.02442,-0.073387417,0.607464825,0.07458,0.01748,0.15418,0.04819,0.03747,0.05861,0.02373,0.16144,0.0114,0.07124,0.066595,0.020605,0.15781,0.029795,0.054355,-0.22955,-0.19268,-0.21924,-0.1905,-0.21237
73,7,N1(C2=CC=CC=C2)C=CC=N1,-0.02442,-0.073387417,0.607464825,0.07458,0.01748,0.15418,0.04819,0.03747,0.05861,0.02373,0.16144,0.0114,0.07124,0.066595,0.020605,0.15781,0.029795,0.054355,-0.22955,-0.19268,-0.21924,-0.1905,-0.21237
74,7,N1(C2=CC=CC=C2)C=CC=N1,-0.02442,-0.073387417,0.607464825,0.07458,0.01748,0.15418,0.04819,0.03747,0.05861,0.02373,0.16144,0.0114,0.07124,0.066595,0.020605,0.15781,0.029795,0.054355,-0.22955,-0.19268,-0.21924,-0.1905,-0.21237
75,7,N1(C2=CC=CC=C2)C=CC=N1,-0.02442,-0.073387417,0.607464825,0.07458,0.01748,0.15418,0.04819,0.03747,0.05861,0.02373,0.16144,0.0114,0.07124,0.066595,0.020605,0.15781,0.029795,0.054355,-0.22955,-0.19268,-0.21924,-0.1905,-0.21237
76,7,N1(C2=CC=CC=C2)C=CC=N1,-0.02442,-0.073387417,0.607464825,0.07458,0.01748,0.15418,0.04819,0.03747,0.05861,0.02373,0.16144,0.0114,0.07124,0.066595,0.020605,0.15781,0.029795,0.054355,-0.22955,-0.19268,-0.21924,-0.1905,-0.21237
77,7,N1(C2=CC=CC=C2)C=CC=N1,-0.02442,-0.073387417,0.607464825,0.07458,0.01748,0.15418,0.04819,0.03747,0.05861,0.02373,0.16144,0.0114,0.07124,0.066595,0.020605,0.15781,0.029795,0.054355,-0.22955,-0.19268,-0.21924,-0.1905,-0.21237
78,7,N1(C2=CC=CC=C2)C=CC=N1,-0.02442,-0.073387417,0.607464825,0.07458,0.01748,0.15418,0.04819,0.03747,0.05861,0.02373,0.16144,0.0114,0.07124,0.066595,0.020605,0.15781,0.029795,0.054355,-0.22955,-0.19268,-0.21924,-0.1905,-0.21237
79,7,N1(C2=CC=CC=C2)C=CC=N1,-0.02442,-0.073387417,0.607464825,0.07458,0.01748,0.15418,0.04819,0.03747,0.05861,0.02373,0.16144,0.0114,0.07124,0.066595,0.020605,0.15781,0.029795,0.054355,-0.22955,-0.19268,-0.21924,-0.1905,-0.21237
80,7,N1(C2=CC=CC=C2)C=CC=N1,-0.02442,-0.073387417,0.607464825,0.07458,0.01748,0.15418,0.04819,0.03747,0.05861,0.02373,0.16144,0.0114,0.07124,0.066595,0.020605,0.15781,0.029795,0.054355,-0.22955,-0.19268,-0.21924,-0.1905,-0.21237
81,7,N1(C2=CC=CC=C2)C=CC=N1,-0.02442,-0.073387417,0.607464825,0.07458,0.01748,0.15418,0.04819,0.03747,0.05861,0.02373,0.16144,0.0114,0.07124,0.066595,0.020605,0.15781,0.029795,0.054355,-0.22955,-0.19268,-0.21924,-0.1905,-0.21237
82,7,N1(C2=CC=CC=C2)C=CC=N1,-0.02442,-0.073387417,0.607464825,0.07458,0.01748,0.15418,0.04819,0.03747,0.05861,0.02373,0.16144,0.0114,0.07124,0.066595,0.020605,0.15781,0.029795,0.054355,-0.22955,-0.19268,-0.21924,-0.1905,-0.21237
83,28,COC(C=C1)=CC=C1N2C=CC=N2,-0.023,-0.094339481,0.607528886,0.15875,0.00021,0.10082,0.10201,-0.00327,0.04606,0.05435,0.0872,0.05174,0.02696,0.102405,0.02728,0.09401,0.076875,0.011845,-0.20556,-0.28732,0.2769,-0.2302,-0.18977
84,29,CC(C=C1)=CC=C1N2C=CC=N2,-0.02242,-0.080086729,0.60717364,0.10175,-0.00154,0.13504,0.07184,0.01305,0.05543,0.02414,0.16263,0.01669,0.05451,0.07859,0.0113,0.148835,0.044265,0.03378,-0.22156,-0.19279,-0.03049,-0.18881,-0.20279
85,28,COC(C=C1)=CC=C1N2C=CC=N2,-0.023,-0.094339481,0.607528886,0.15875,0.00021,0.10082,0.10201,-0.00327,0.04606,0.05435,0.0872,0.05174,0.02696,0.102405,0.02728,0.09401,0.076875,0.011845,-0.20556,-0.28732,0.2769,-0.2302,-0.18977
86,30,FC(C=C1)=CC=C1N2C=CC=N2,-0.03564,-0.064521553,0.607657007,0.11827,0.00458,0.11973,0.07557,0.01305,0.05115,0.04022,0.1185,0.02963,0.0583,0.08471,0.0224,0.119115,0.0526,0.035675,-0.20995,-0.26006,0.37082,-0.25731,-0.19253
87,31,FC(C(C=C1)=CC=C1N2C=CC=N2)(F)F,-0.04034,0.030452411,0.607295937,0.05855,0.03048,0.14018,0.05752,0.03206,0.06497,0.01244,0.16129,0.00279,0.07579,0.06176,0.02146,0.150735,0.030155,0.053925,-0.22667,-0.16219,-0.16166,-0.15993,-0.21063
88,32,O=C(C(C=C1)=CC=C1N2C=CC=N2)C,-0.03355,0.09083984,0.607307585,0.02734,0.05165,0.0545,0.0649,0.01931,0.07069,0.00444,0.16666,0.00057,0.06224,0.049015,0.028045,0.11058,0.032735,0.040775,-0.2368,-0.15776,-0.17359,-0.13367,-0.21665
89,33,CC1=NN(C2=CC=CC=C2)C(C)=C1,-0.02129,-0.102102495,0.658620248,0.04175,0.04225,0.17013,0.02661,0.06472,0.05307,0.02002,0.13363,0.0114,0.06073,0.04741,0.031135,0.15188,0.019005,0.062725,-0.2256,-0.19732,-0.21589,-0.19525,-0.20376
90,33,CC1=NN(C2=CC=CC=C2)C(C)=C1,-0.02129,-0.102102495,0.658620248,0.04175,0.04225,0.17013,0.02661,0.06472,0.05307,0.02002,0.13363,0.0114,0.06073,0.04741,0.031135,0.15188,0.019005,0.062725,-0.2256,-0.19732,-0.21589,-0.19525,-0.20376
91,33,CC1=NN(C2=CC=CC=C2)C(C)=C1,-0.02129,-0.102102495,0.658620248,0.04175,0.04225,0.17013,0.02661,0.06472,0.05307,0.02002,0.13363,0.0114,0.06073,0.04741,0.031135,0.15188,0.019005,0.062725,-0.2256,-0.19732,-0.21589,-0.19525,-0.20376
92,33,CC1=NN(C2=CC=CC=C2)C(C)=C1,-0.02129,-0.102102495,0.658620248,0.04175,0.04225,0.17013,0.02661,0.06472,0.05307,0.02002,0.13363,0.0114,0.06073,0.04741,0.031135,0.15188,0.019005,0.062725,-0.2256,-0.19732,-0.21589,-0.19525,-0.20376
93,33,CC1=NN(C2=CC=CC=C2)C(C)=C1,-0.02129,-0.102102495,0.658620248,0.04175,0.04225,0.17013,0.02661,0.06472,0.05307,0.02002,0.13363,0.0114,0.06073,0.04741,0.031135,0.15188,0.019005,0.062725,-0.2256,-0.19732,-0.21589,-0.19525,-0.20376
94,33,CC1=NN(C2=CC=CC=C2)C(C)=C1,-0.02129,-0.102102495,0.658620248,0.04175,0.04225,0.17013,0.02661,0.06472,0.05307,0.02002,0.13363,0.0114,0.06073,0.04741,0.031135,0.15188,0.019005,0.062725,-0.2256,-0.19732,-0.21589,-0.19525,-0.20376
95,33,CC1=NN(C2=CC=CC=C2)C(C)=C1,-0.02129,-0.102102495,0.658620248,0.04175,0.04225,0.17013,0.02661,0.06472,0.05307,0.02002,0.13363,0.0114,0.06073,0.04741,0.031135,0.15188,0.019005,0.062725,-0.2256,-0.19732,-0.21589,-0.19525,-0.20376
96,33,CC1=NN(C2=CC=CC=C2)C(C)=C1,-0.02129,-0.102102495,0.658620248,0.04175,0.04225,0.17013,0.02661,0.06472,0.05307,0.02002,0.13363,0.0114,0.06073,0.04741,0.031135,0.15188,0.019005,0.062725,-0.2256,-0.19732,-0.21589,-0.19525,-0.20376
97,1,C1(C2=CC=CC=C2)=NC=CC=C1,-0.03775,0.007041801,0.622082324,0.05431,0.02087,0.13195,0.01935,0.06176,0.04304,0.02618,0.15923,0.01435,0.05704,0.048675,0.023525,0.14559,0.01685,0.0594,-0.18525,-0.20694,-0.20087,-0.20451,-0.17126
98,14,COC(C=C1)=CC=C1C2=NC=CC=C2,-0.03379,-0.01888404,0.621331066,0.03847,0.02444,0.11417,0.00279,0.08489,0.00871,0.06584,0.08287,0.04794,0.03579,0.02359,0.04514,0.09852,0.025365,0.06034,-0.16387,-0.24646,0.29283,-0.29732,-0.14625
99,2,COC1=CC(C2=CC=CC=C2)=NC=C1,-0.02805,-0.00573308,0.622734579,0.06936,0.01285,0.13392,0.0295,0.04906,0.04293,0.02469,0.15747,0.01382,0.05704,0.056145,0.01877,0.145695,0.02166,0.05305,-0.18389,-0.20722,-0.20177,-0.20552,-0.17171
100,10,C1(C2=CC=CC=C2)=NC=CC=N1,-0.05362,0.035847956,0.608879985,0.06348,0.01883,0.1308,0.01883,0.06345,0.04422,0.02598,0.17831,0.02598,0.04421,0.05385,0.022405,0.154555,0.022405,0.05383,-0.16657,-0.21081,-0.19195,-0.21081,-0.16658
101,34,FC(C=C1)=CC=C1C2=NC=CC=N2,-0.05717,0.043643671,0.608926575,0.06522,0.01821,0.112,0.01821,0.06522,0.03334,0.04662,0.12579,0.04663,0.03333,0.04928,0.032415,0.118895,0.03242,0.049275,-0.1482,-0.27707,0.39444,-0.27707,-0.1482
102,35,C1(C2=CC=CC=C2)=NCCO1,-0.02246,-0.009713873,0.582644195,0.07019,0.02297,0.1608,0.02912,0.0627,0.04946,0.0238,0.1477,0.01284,0.05812,0.059825,0.023385,0.15425,0.02098,0.06041,-0.17864,-0.20513,-0.19817,-0.20459,-0.16614
103,36,BrC(C=C1)=CC=C1C2=NCCO2,-0.03542,0.04099769,0.58251025,0.05719,0.03308,0.12117,0.02692,0.06475,0.0406,0.01911,0.072,0.02689,0.03636,0.048895,0.026095,0.096585,0.026905,0.050555,-0.1527,-0.22735,-0.07976,-0.22811,-0.16416
104,10,C1(C2=CC=CC=C2)=NC=CC=N1,-0.05362,0.035847956,0.608879985,0.06348,0.01883,0.1308,0.01883,0.06345,0.04422,0.02598,0.17831,0.02598,0.04421,0.05385,0.022405,0.154555,0.022405,0.05383,-0.16657,-0.21081,-0.19195,-0.21081,-0.16658
105,10,C1(C2=CC=CC=C2)=NC=CC=N1,-0.05362,0.035847956,0.608879985,0.06348,0.01883,0.1308,0.01883,0.06345,0.04422,0.02598,0.17831,0.02598,0.04421,0.05385,0.022405,0.154555,0.022405,0.05383,-0.16657,-0.21081,-0.19195,-0.21081,-0.16658
106,10,C1(C2=CC=CC=C2)=NC=CC=N1,-0.05362,0.035847956,0.608879985,0.06348,0.01883,0.1308,0.01883,0.06345,0.04422,0.02598,0.17831,0.02598,0.04421,0.05385,0.022405,0.154555,0.022405,0.05383,-0.16657,-0.21081,-0.19195,-0.21081,-0.16658
107,1,C1(C2=CC=CC=C2)=NC=CC=C1,-0.03775,0.007041801,0.622082324,0.05431,0.02087,0.13195,0.01935,0.06176,0.04304,0.02618,0.15923,0.01435,0.05704,0.048675,0.023525,0.14559,0.01685,0.0594,-0.18525,-0.20694,-0.20087,-0.20451,-0.17126
108,10,C1(C2=CC=CC=C2)=NC=CC=N1,-0.05362,0.035847956,0.608879985,0.06348,0.01883,0.1308,0.01883,0.06345,0.04422,0.02598,0.17831,0.02598,0.04421,0.05385,0.022405,0.154555,0.022405,0.05383,-0.16657,-0.21081,-0.19195,-0.21081,-0.16658
109,35,C1(C2=CC=CC=C2)=NCCO1.C,-0.02246,-0.009713873,0.582644195,0.07019,0.02297,0.1608,0.02912,0.0627,0.04946,0.0238,0.1477,0.01284,0.05812,0.059825,0.023385,0.15425,0.02098,0.06041,-0.17864,-0.20513,-0.19817,-0.20459,-0.16614
110,1,C1(C2=CC=CC=C2)=NC=CC=C1,-0.03775,0.007041801,0.622082324,0.05431,0.02087,0.13195,0.01935,0.06176,0.04304,0.02618,0.15923,0.01435,0.05704,0.048675,0.023525,0.14559,0.01685,0.0594,-0.18525,-0.20694,-0.20087,-0.20451,-0.17126
111,1,C1(C2=CC=CC=C2)=NC=CC=C1,-0.03775,0.007041801,0.622082324,0.05431,0.02087,0.13195,0.01935,0.06176,0.04304,0.02618,0.15923,0.01435,0.05704,0.048675,0.023525,0.14559,0.01685,0.0594,-0.18525,-0.20694,-0.20087,-0.20451,-0.17126
112,1,C1(C2=CC=CC=C2)=NC=CC=C1,-0.03775,0.007041801,0.622082324,0.05431,0.02087,0.13195,0.01935,0.06176,0.04304,0.02618,0.15923,0.01435,0.05704,0.048675,0.023525,0.14559,0.01685,0.0594,-0.18525,-0.20694,-0.20087,-0.20451,-0.17126
113,1,C1(C2=CC=CC=C2)=NC=CC=C1,-0.03775,0.007041801,0.622082324,0.05431,0.02087,0.13195,0.01935,0.06176,0.04304,0.02618,0.15923,0.01435,0.05704,0.048675,0.023525,0.14559,0.01685,0.0594,-0.18525,-0.20694,-0.20087,-0.20451,-0.17126
114,1,C1(C2=CC=CC=C2)=NC=CC=C1,-0.03775,0.007041801,0.622082324,0.05431,0.02087,0.13195,0.01935,0.06176,0.04304,0.02618,0.15923,0.01435,0.05704,0.048675,0.023525,0.14559,0.01685,0.0594,-0.18525,-0.20694,-0.20087,-0.20451,-0.17126
115,37,FC(C=CC=C1)=C1C2=NC=CC=C2,-0.03519,-0.006987585,0.63702595,0.03038,0.04067,0.13326,0.00962,0.07936,0.06175,0.00553,0.1412,0.04711,0.02038,0.046065,0.0231,0.13723,0.028365,0.04987,0.39621,-0.27332,-0.18405,-0.22186,-0.15362
116,38,CN(C(C=CC=C1)=C1C2=NC=CC=C2)C,-0.02872,-0.043087521,0.683219577,0.05412,0.01446,0.12611,0.01666,0.05491,-0.00385,0.04551,0.03563,0.11728,-0.00999,0.025135,0.029985,0.08087,0.06697,0.02246,0.1742,-0.258,-0.18445,-0.23166,-0.15556
117,24,CC(C=CC=C1)=C1C2=NC=CC=C2,-0.03382,-0.01223597,0.65755451,0.04917,0.01958,0.12397,0.01889,0.04685,-0.00375,0.08333,0.13917,-0.01456,0.10754,0.02271,0.051455,0.13157,0.002165,0.077195,-0.18274,-0.21747,-0.19549,-0.20332,0.02082
118,23,CC1=CC=CC(C2=NC=CC=C2)=C1,-0.03599,0.006292418,0.622099795,0.03951,0.02764,0.12488,0.01367,0.07242,0.07271,0.00266,0.16517,0.04398,0.02078,0.05611,0.01515,0.145025,0.028825,0.0466,-0.19522,-0.1994,-0.20065,-0.01874,-0.17027
119,1,C1(C2=CC=CC=C2)=NC=CC=C1,-0.03775,0.007041801,0.622082324,0.05431,0.02087,0.13195,0.01935,0.06176,0.04304,0.02618,0.15923,0.01435,0.05704,0.048675,0.023525,0.14559,0.01685,0.0594,-0.18525,-0.20694,-0.20087,-0.20451,-0.17126
120,39,CC(C(C=CC=C1)=C1C2=NC=CC=C2)C,-0.03441,-0.011985846,0.670040533,0.05024,0.01777,0.11808,0.0172,0.04463,0.12901,-0.0176,0.12618,0.09825,-0.01368,0.089625,8.50E-05,0.12213,0.057725,0.015475,0.03474,-0.20938,-0.1944,-0.21549,-0.18434
121,40,FC(C=C1)=CC=C1CC(C=CC=C2)=C2C3=NC=CC=C3,-0.0351,0.017341998,0.745230386,0.02404,0.02323,0.10689,0.01536,0.04716,0.07107,-0.00707,0.08035,0.09413,-0.01201,0.047555,0.00808,0.09362,0.054745,0.017575,0.02166,-0.20659,-0.19842,-0.21036,-0.18403
122,14,COC(C=C1)=CC=C1C2=NC=CC=C2,-0.03379,-0.01888404,0.621331066,0.03847,0.02444,0.11417,0.00279,0.08489,0.00871,0.06584,0.08287,0.04794,0.03579,0.02359,0.04514,0.09852,0.025365,0.06034,-0.16387,-0.24646,0.29283,-0.29732,-0.14625
123,14,COC(C=C1)=CC=C1C2=NC=CC=C2,-0.03379,-0.01888404,0.621331066,0.03847,0.02444,0.11417,0.00279,0.08489,0.00871,0.06584,0.08287,0.04794,0.03579,0.02359,0.04514,0.09852,0.025365,0.06034,-0.16387,-0.24646,0.29283,-0.29732,-0.14625
124,14,COC(C=C1)=CC=C1C2=NC=CC=C2,-0.03379,-0.01888404,0.621331066,0.03847,0.02444,0.11417,0.00279,0.08489,0.00871,0.06584,0.08287,0.04794,0.03579,0.02359,0.04514,0.09852,0.025365,0.06034,-0.16387,-0.24646,0.29283,-0.29732,-0.14625
125,14,COC(C=C1)=CC=C1C2=NC=CC=C2,-0.03379,-0.01888404,0.621331066,0.03847,0.02444,0.11417,0.00279,0.08489,0.00871,0.06584,0.08287,0.04794,0.03579,0.02359,0.04514,0.09852,0.025365,0.06034,-0.16387,-0.24646,0.29283,-0.29732,-0.14625
126,41,C/C(C1=CC=C(C)C=C1)=N\C2=CC=C(OC)C=C2,-0.02345,0.039609829,0.619333535,0.02727,0.03338,0.11698,0.00457,0.0721,0.00206,0.00451,0.0501,0.01992,0.01793,0.014665,0.018945,0.08354,0.012245,0.045015,-0.16621,-0.2014,-0.01122,-0.2065,-0.18383
127,42,C/C(C1=CC=CC=C1)=N\C2=CC=C(OC)C=C2,-0.02503,0.047680722,0.619822726,0.03926,0.02725,0.12498,0.01579,0.0604,0.00192,0.00734,0.04152,0.02152,0.01677,0.02059,0.017295,0.08325,0.018655,0.038585,-0.17591,-0.20206,-0.20036,-0.20539,-0.19345
128,42,C/C(C1=CC=CC=C1)=N\C2=CC=C(OC)C=C2,-0.02503,0.047680722,0.619822726,0.03926,0.02725,0.12498,0.01579,0.0604,0.00192,0.00734,0.04152,0.02152,0.01677,0.02059,0.017295,0.08325,0.018655,0.038585,-0.17591,-0.20206,-0.20036,-0.20539,-0.19345
129,42,C/C(C1=CC=CC=C1)=N\C2=CC=C(OC)C=C2,-0.02503,0.047680722,0.619822726,0.03926,0.02725,0.12498,0.01579,0.0604,0.00192,0.00734,0.04152,0.02152,0.01677,0.02059,0.017295,0.08325,0.018655,0.038585,-0.17591,-0.20206,-0.20036,-0.20539,-0.19345
130,42,C/C(C1=CC=CC=C1)=N\C2=CC=C(OC)C=C2,-0.02503,0.047680722,0.619822726,0.03926,0.02725,0.12498,0.01579,0.0604,0.00192,0.00734,0.04152,0.02152,0.01677,0.02059,0.017295,0.08325,0.018655,0.038585,-0.17591,-0.20206,-0.20036,-0.20539,-0.19345
131,42,C/C(C1=CC=CC=C1)=N\C2=CC=C(OC)C=C2,-0.02503,0.047680722,0.619822726,0.03926,0.02725,0.12498,0.01579,0.0604,0.00192,0.00734,0.04152,0.02152,0.01677,0.02059,0.017295,0.08325,0.018655,0.038585,-0.17591,-0.20206,-0.20036,-0.20539,-0.19345
132,43,C/C(C1=CC=C(F)C=C1)=N\C2=CC=C(OC)C=C2,-0.03501,0.05696776,0.619502423,0.03673,0.02791,0.10564,0.01279,0.06924,0.00024,0.00969,0.0351,0.02562,0.01686,0.018485,0.0188,0.07037,0.019205,0.04305,-0.15533,-0.26917,0.38788,-0.27351,-0.17322
133,43,C/C(C1=CC=C(F)C=C1)=N\C2=CC=C(OC)C=C2,-0.03501,0.05696776,0.619502423,0.03673,0.02791,0.10564,0.01279,0.06924,0.00024,0.00969,0.0351,0.02562,0.01686,0.018485,0.0188,0.07037,0.019205,0.04305,-0.15533,-0.26917,0.38788,-0.27351,-0.17322
134,43,C/C(C1=CC=C(F)C=C1)=N\C2=CC=C(OC)C=C2,-0.03501,0.05696776,0.619502423,0.03673,0.02791,0.10564,0.01279,0.06924,0.00024,0.00969,0.0351,0.02562,0.01686,0.018485,0.0188,0.07037,0.019205,0.04305,-0.15533,-0.26917,0.38788,-0.27351,-0.17322
135,43,C/C(C1=CC=C(F)C=C1)=N\C2=CC=C(OC)C=C2,-0.03501,0.05696776,0.619502423,0.03673,0.02791,0.10564,0.01279,0.06924,0.00024,0.00969,0.0351,0.02562,0.01686,0.018485,0.0188,0.07037,0.019205,0.04305,-0.15533,-0.26917,0.38788,-0.27351,-0.17322
136,1,C1(C2=CC=CC=C2)=NC=CC=C1,-0.03775,0.007041801,0.622082324,0.05431,0.02087,0.13195,0.01935,0.06176,0.04304,0.02618,0.15923,0.01435,0.05704,0.048675,0.023525,0.14559,0.01685,0.0594,-0.18525,-0.20694,-0.20087,-0.20451,-0.17126
137,1,C1(C2=CC=CC=C2)=NC=CC=C1,-0.03775,0.007041801,0.622082324,0.05431,0.02087,0.13195,0.01935,0.06176,0.04304,0.02618,0.15923,0.01435,0.05704,0.048675,0.023525,0.14559,0.01685,0.0594,-0.18525,-0.20694,-0.20087,-0.20451,-0.17126
138,1,C1(C2=CC=CC=C2)=NC=CC=C1,-0.03775,0.007041801,0.622082324,0.05431,0.02087,0.13195,0.01935,0.06176,0.04304,0.02618,0.15923,0.01435,0.05704,0.048675,0.023525,0.14559,0.01685,0.0594,-0.18525,-0.20694,-0.20087,-0.20451,-0.17126
139,1,C1(C2=CC=CC=C2)=NC=CC=C1,-0.03775,0.007041801,0.622082324,0.05431,0.02087,0.13195,0.01935,0.06176,0.04304,0.02618,0.15923,0.01435,0.05704,0.048675,0.023525,0.14559,0.01685,0.0594,-0.18525,-0.20694,-0.20087,-0.20451,-0.17126
140,1,C1(C2=CC=CC=C2)=NC=CC=C1,-0.03775,0.007041801,0.622082324,0.05431,0.02087,0.13195,0.01935,0.06176,0.04304,0.02618,0.15923,0.01435,0.05704,0.048675,0.023525,0.14559,0.01685,0.0594,-0.18525,-0.20694,-0.20087,-0.20451,-0.17126
141,1,C1(C2=CC=CC=C2)=NC=CC=C1,-0.03775,0.007041801,0.622082324,0.05431,0.02087,0.13195,0.01935,0.06176,0.04304,0.02618,0.15923,0.01435,0.05704,0.048675,0.023525,0.14559,0.01685,0.0594,-0.18525,-0.20694,-0.20087,-0.20451,-0.17126
142,1,C1(C2=CC=CC=C2)=NC=CC=C1,-0.03775,0.007041801,0.622082324,0.05431,0.02087,0.13195,0.01935,0.06176,0.04304,0.02618,0.15923,0.01435,0.05704,0.048675,0.023525,0.14559,0.01685,0.0594,-0.18525,-0.20694,-0.20087,-0.20451,-0.17126
143,1,C1(C2=CC=CC=C2)=NC=CC=C1,-0.03775,0.007041801,0.622082324,0.05431,0.02087,0.13195,0.01935,0.06176,0.04304,0.02618,0.15923,0.01435,0.05704,0.048675,0.023525,0.14559,0.01685,0.0594,-0.18525,-0.20694,-0.20087,-0.20451,-0.17126
144,1,C1(C2=CC=CC=C2)=NC=CC=C1,-0.03775,0.007041801,0.622082324,0.05431,0.02087,0.13195,0.01935,0.06176,0.04304,0.02618,0.15923,0.01435,0.05704,0.048675,0.023525,0.14559,0.01685,0.0594,-0.18525,-0.20694,-0.20087,-0.20451,-0.17126
145,1,C1(C2=CC=CC=C2)=NC=CC=C1,-0.03775,0.007041801,0.622082324,0.05431,0.02087,0.13195,0.01935,0.06176,0.04304,0.02618,0.15923,0.01435,0.05704,0.048675,0.023525,0.14559,0.01685,0.0594,-0.18525,-0.20694,-0.20087,-0.20451,-0.17126
146,1,C1(C2=CC=CC=C2)=NC=CC=C1,-0.03775,0.007041801,0.622082324,0.05431,0.02087,0.13195,0.01935,0.06176,0.04304,0.02618,0.15923,0.01435,0.05704,0.048675,0.023525,0.14559,0.01685,0.0594,-0.18525,-0.20694,-0.20087,-0.20451,-0.17126
147,1,C1(C2=CC=CC=C2)=NC=CC=C1,-0.03775,0.007041801,0.622082324,0.05431,0.02087,0.13195,0.01935,0.06176,0.04304,0.02618,0.15923,0.01435,0.05704,0.048675,0.023525,0.14559,0.01685,0.0594,-0.18525,-0.20694,-0.20087,-0.20451,-0.17126
148,1,C1(C2=CC=CC=C2)=NC=CC=C1,-0.03775,0.007041801,0.622082324,0.05431,0.02087,0.13195,0.01935,0.06176,0.04304,0.02618,0.15923,0.01435,0.05704,0.048675,0.023525,0.14559,0.01685,0.0594,-0.18525,-0.20694,-0.20087,-0.20451,-0.17126
149,17,CC(C=C1)=CC=C1C2=NC=CC=C2,-0.03588,-0.001354628,0.621395127,0.0495,0.02242,0.12611,0.00973,0.0641,0.03922,0.02142,0.16021,0.02634,0.04046,0.04436,0.02192,0.14316,0.018035,0.05228,-0.16233,-0.20336,-0.01208,-0.2072,-0.17603
150,14,COC(C=C1)=CC=C1C2=NC=CC=C2,-0.03379,-0.01888404,0.621331066,0.03847,0.02444,0.11417,0.00279,0.08489,0.00871,0.06584,0.08287,0.04794,0.03579,0.02359,0.04514,0.09852,0.025365,0.06034,-0.16387,-0.24646,0.29283,-0.29732,-0.14625
151,13,CC1=CC=CN=C1C2=CC=CC=C2,-0.02944,-0.013662654,0.668613725,0.04988,0.02064,0.12617,0.02537,0.04566,0.03047,0.03474,0.14619,0.00914,0.05756,0.040175,0.02769,0.13618,0.017255,0.05161,-0.19271,-0.20878,-0.20318,-0.2067,-0.16972
152,44,C1(C=CC=C2)=C2C(C3=CC=CC=C3)=NC=C1,-0.03598,0.070235399,0.669097093,0.02054,0.01857,0.07751,0.01635,0.03566,0.02596,0.01705,0.09856,0.01581,0.03324,0.02325,0.01781,0.088035,0.01608,0.03445,-0.19671,-0.20821,-0.20178,-0.20542,-0.16792
153,45,CC(C=C1)=CC=C1C2=NC=CC3=C2C=CC=C3,-0.03423,0.063731752,0.66863702,0.02393,0.01225,0.07543,0.01579,0.03039,0.02699,0.01783,0.1106,0.01801,0.02688,0.02546,0.01504,0.093015,0.0169,0.028635,-0.18796,-0.20872,-0.01323,-0.20425,-0.1588
154,35,C1(C2=CC=CC=C2)=NCCO1,-0.02246,-0.009713873,0.582644195,0.07019,0.02297,0.1608,0.02912,0.0627,0.04946,0.0238,0.1477,0.01284,0.05812,0.059825,0.023385,0.15425,0.02098,0.06041,-0.17864,-0.20513,-0.19817,-0.20459,-0.16614
155,35,C1(C2=CC=CC=C2)=NCCO1,-0.02246,-0.009713873,0.582644195,0.07019,0.02297,0.1608,0.02912,0.0627,0.04946,0.0238,0.1477,0.01284,0.05812,0.059825,0.023385,0.15425,0.02098,0.06041,-0.17864,-0.20513,-0.19817,-0.20459,-0.16614
156,35,C1(C2=CC=CC=C2)=NCCO1,-0.02246,-0.009713873,0.582644195,0.07019,0.02297,0.1608,0.02912,0.0627,0.04946,0.0238,0.1477,0.01284,0.05812,0.059825,0.023385,0.15425,0.02098,0.06041,-0.17864,-0.20513,-0.19817,-0.20459,-0.16614
157,35,C1(C2=CC=CC=C2)=NCCO1,-0.02246,-0.009713873,0.582644195,0.07019,0.02297,0.1608,0.02912,0.0627,0.04946,0.0238,0.1477,0.01284,0.05812,0.059825,0.023385,0.15425,0.02098,0.06041,-0.17864,-0.20513,-0.19817,-0.20459,-0.16614
158,46,CC(C=C1)=CC=C1C2=NCCO2,-0.02074,-0.019121067,0.582248183,0.08441,0.00813,0.15138,0.03709,0.04539,0.04588,0.02412,0.14996,0.01762,0.04278,0.065145,0.016125,0.15067,0.027355,0.044085,-0.16966,-0.20601,-0.00873,-0.20361,-0.15722
159,47,FC(C(C=C1)=CC=C1C2=NCCO2)(F)F,-0.03877,0.091962996,0.582859672,0.05901,0.03418,0.14565,0.04035,0.05258,0.05485,0.01337,0.14566,0.00562,0.06078,0.05693,0.023775,0.145655,0.022985,0.05668,-0.17578,-0.1753,-0.13977,-0.17495,-0.16311
160,48,COC(C=C1)=CC=C1C2=NCCO2,-0.02177,-0.037181487,0.582230712,0.10324,0.00035,0.14087,0.03539,0.04201,0.03681,0.05233,0.08119,0.05021,0.01838,0.070025,0.02634,0.11103,0.0428,0.030195,-0.15395,-0.29904,0.29563,-0.24342,-0.14684
161,49,FC(C=C1)=CC=C1C2=NCCO2,-0.03397,-0.003196624,0.582551016,0.07616,0.02004,0.13932,0.02867,0.06287,0.04261,0.03859,0.10901,0.02951,0.04648,0.059385,0.029315,0.124165,0.02909,0.054675,-0.16012,-0.27155,0.38909,-0.27025,-0.14768
162,50,ClC(C=C1)=CC=C1C2=NCCO2,-0.03467,0.031071751,0.582492779,0.06661,0.02458,0.13159,0.03077,0.0596,0.03977,0.0284,0.08893,0.02032,0.04329,0.05319,0.02649,0.11026,0.025545,0.051445,-0.16526,-0.22247,-0.03376,-0.22181,-0.15275
163,36,BrC(C=C1)=CC=C1C2=NCCO2,-0.03542,0.04099769,0.58251025,0.05719,0.03308,0.12117,0.02692,0.06475,0.0406,0.01911,0.072,0.02689,0.03636,0.048895,0.026095,0.096585,0.026905,0.050555,-0.1527,-0.22735,-0.07976,-0.22811,-0.16416
164,51,FC(C=CC=C1)=C1C2=NCCO2,-0.02316,0.011227342,0.599230106,0.09288,0.0107,0.16402,0.05304,0.03144,0.02836,0.03771,0.1319,0.00772,0.0596,0.06062,0.024205,0.14796,0.03038,0.04552,-0.14959,-0.22207,-0.18147,-0.27223,0.40987
165,52,CCOC(C=CC=C1)=C1C2=NCCO2,-0.00651,-0.026296271,0.603126165,0.09782,0.00277,0.16505,0.04791,0.03737,-0.00179,0.08497,0.09339,0.00989,0.06299,0.048015,0.04387,0.12922,0.0289,0.05018,-0.14487,-0.23952,-0.17524,-0.2994,0.32422
166,53,C1(C2=CC=CC=C2)=NCCO1,-0.02246,-0.009713873,0.582644195,0.07019,0.02297,0.1608,0.02912,0.0627,0.04946,0.0238,0.1477,0.01284,0.05812,0.059825,0.023385,0.15425,0.02098,0.06041,-0.17864,-0.20513,-0.19817,-0.20459,-0.16614
167,53,CC1OC(C2=CC=CC=C2)=NC1,-0.01953,-0.019973519,0.586190831,0.0682,0.02269,0.15786,0.02873,0.06108,0.05036,0.01968,0.13348,0.01071,0.05723,0.05928,0.021185,0.14567,0.01972,0.059155,-0.18144,-0.20544,-0.20121,-0.20475,-0.1679
168,54,C1(C2=CC=CC=C2)=NCC(C3=CC=CC=C3)O1,-0.03321,0.074842344,0.591082743,0.05473,0.01032,0.10711,0.02142,0.04264,0.04101,0.01254,0.09549,0.00815,0.04635,0.04787,0.01143,0.1013,0.014785,0.044495,-0.1789,-0.20487,-0.19845,-0.20447,-0.16553
169,35,C1(C2=CC=CC=C2)=NCCO1,-0.02246,-0.009713873,0.582644195,0.07019,0.02297,0.1608,0.02912,0.0627,0.04946,0.0238,0.1477,0.01284,0.05812,0.059825,0.023385,0.15425,0.02098,0.06041,-0.17864,-0.20513,-0.19817,-0.20459,-0.16614
170,35,C1(C2=CC=CC=C2)=NCCO1,-0.02246,-0.009713873,0.582644195,0.07019,0.02297,0.1608,0.02912,0.0627,0.04946,0.0238,0.1477,0.01284,0.05812,0.059825,0.023385,0.15425,0.02098,0.06041,-0.17864,-0.20513,-0.19817,-0.20459,-0.16614
171,55,C1(C2=NCCCO2)=CC=CC=C1,-0.01203,-0.050686049,0.614051435,0.0755,0.02021,0.1637,0.03341,0.05874,0.074,-0.00046,0.14919,0.0607,0.0215,0.07475,0.009875,0.156445,0.047055,0.04012,-0.16363,-0.2111,-0.19723,-0.21169,-0.17768
172,10,C1(C2=CC=CC=C2)=NC=CC=N1,-0.05362,0.035847956,0.608879985,0.06348,0.01883,0.1308,0.01883,0.06345,0.04422,0.02598,0.17831,0.02598,0.04421,0.05385,0.022405,0.154555,0.022405,0.05383,-0.16657,-0.21081,-0.19195,-0.21081,-0.16658
173,56,CC(C=C1)=CC=C1C2=NC=CC=N2,-0.05114,0.026878361,0.608617918,0.07288,0.00789,0.12705,0.02088,0.052,0.0391,0.02742,0.17391,0.03532,0.02575,0.05599,0.017655,0.15048,0.0281,0.038875,-0.15732,-0.21141,-0.00286,-0.2098,-0.15764
174,16,COC(C=C1)=CC=C1C2=NC=CC=N2,-0.04887,0.008241822,0.608810101,0.08295,0.00428,0.11565,0.01906,0.05117,0.02686,0.06016,0.08186,0.07493,0.00097,0.054905,0.03222,0.098755,0.046995,0.02607,-0.14104,-0.30361,0.30111,-0.25002,-0.14698
175,57,ClC(C=C1)=CC=C1C2=NC=CC=N2,-0.05889,0.071511673,0.608914927,0.06149,0.019,0.10848,0.019,0.06149,0.02928,0.03503,0.09825,0.03504,0.02927,0.045385,0.027015,0.103365,0.02702,0.04538,-0.15321,-0.22799,-0.02697,-0.22799,-0.15321
176,58,O=C(C(C=C1)=CC=C1C2=NC=CC=N2)OC,-0.05969,0.140171956,0.60921776,0.04334,0.03413,0.09097,0.03406,0.044,0.0403,0.01388,0.18616,0.00908,0.05028,0.04182,0.024005,0.138565,0.02157,0.04714,-0.17252,-0.15879,-0.14879,-0.16621,-0.17357
177,7,N1(C2=CC=CC=C2)C=CC=N1,-0.02442,-0.073387417,0.607464825,0.07458,0.01748,0.15418,0.04819,0.03747,0.05861,0.02373,0.16144,0.0114,0.07124,0.066595,0.020605,0.15781,0.029795,0.054355,-0.22955,-0.19268,-0.21924,-0.1905,-0.21237
178,59,BrC1=CN(C2=CC=CC=C2)N=C1,-0.03049,-0.023254363,0.609334234,0.0406,0.0416,0.14446,0.01699,0.07029,0.06181,0.00856,0.13396,0.02405,0.04641,0.051205,0.02508,0.13921,0.02052,0.05835,-0.21047,-0.1892,-0.2155,-0.19092,-0.22786
179,33,CC1=NN(C2=CC=CC=C2)C(C)=C1,-0.02129,-0.102102495,0.658620248,0.04175,0.04225,0.17013,0.02661,0.06472,0.05307,0.02002,0.13363,0.0114,0.06073,0.04741,0.031135,0.15188,0.019005,0.062725,-0.2256,-0.19732,-0.21589,-0.19525,-0.20376
180,60,CC(N1C=NC(C1=NC=N2)=C2C3=CC=CC=C3)C,-0.02151,0.078068636,0.646250699,0.05789,0.01284,0.10819,0.01564,0.05648,0.03632,0.02237,0.13824,0.01656,0.04638,0.047105,0.017605,0.123215,0.0161,0.05143,-0.17587,-0.21072,-0.19064,-0.21239,-0.16254
181,10,C1(C2=CC=CC=C2)=NC=CC=N1,-0.05362,0.035847956,0.608879985,0.06348,0.01883,0.1308,0.01883,0.06345,0.04422,0.02598,0.17831,0.02598,0.04421,0.05385,0.022405,0.154555,0.022405,0.05383,-0.16657,-0.21081,-0.19195,-0.21081,-0.16658
182,10,C1(C2=CC=CC=C2)=NC=CC=N1,-0.05362,0.035847956,0.608879985,0.06348,0.01883,0.1308,0.01883,0.06345,0.04422,0.02598,0.17831,0.02598,0.04421,0.05385,0.022405,0.154555,0.022405,0.05383,-0.16657,-0.21081,-0.19195,-0.21081,-0.16658
183,10,C1(C2=CC=CC=C2)=NC=CC=N1,-0.05362,0.035847956,0.608879985,0.06348,0.01883,0.1308,0.01883,0.06345,0.04422,0.02598,0.17831,0.02598,0.04421,0.05385,0.022405,0.154555,0.022405,0.05383,-0.16657,-0.21081,-0.19195,-0.21081,-0.16658
184,10,C1(C2=CC=CC=C2)=NC=CC=N1,-0.05362,0.035847956,0.608879985,0.06348,0.01883,0.1308,0.01883,0.06345,0.04422,0.02598,0.17831,0.02598,0.04421,0.05385,0.022405,0.154555,0.022405,0.05383,-0.16657,-0.21081,-0.19195,-0.21081,-0.16658
185,10,C1(C2=CC=CC=C2)=NC=CC=N1,-0.05362,0.035847956,0.608879985,0.06348,0.01883,0.1308,0.01883,0.06345,0.04422,0.02598,0.17831,0.02598,0.04421,0.05385,0.022405,0.154555,0.022405,0.05383,-0.16657,-0.21081,-0.19195,-0.21081,-0.16658
186,10,C1(C2=CC=CC=C2)=NC=CC=N1,-0.05362,0.035847956,0.608879985,0.06348,0.01883,0.1308,0.01883,0.06345,0.04422,0.02598,0.17831,0.02598,0.04421,0.05385,0.022405,0.154555,0.022405,0.05383,-0.16657,-0.21081,-0.19195,-0.21081,-0.16658
187,10,C1(C2=CC=CC=C2)=NC=CC=C1,-0.05362,0.035847956,0.608879985,0.06348,0.01883,0.1308,0.01883,0.06345,0.04422,0.02598,0.17831,0.02598,0.04421,0.05385,0.022405,0.154555,0.022405,0.05383,-0.16657,-0.21081,-0.19195,-0.21081,-0.16658
188,61,C1(NC2=NC=CC=N2)=CC=CC=C1,-0.03305,-0.030101198,0.528466269,0.06066,0.03184,0.03809,0.05425,0.02264,0.07684,0.00888,0.15139,0.01193,0.07494,0.06875,0.02036,0.09474,0.03309,0.04879,-0.23963,-0.19303,-0.23574,-0.18589,-0.24811
189,62,ClC(C=N1)=CN=C1NC2=CC=CC=C2,-0.04162,0.032349829,0.528343971,0.04393,0.0265,0.03993,0.03723,0.0182,0.07227,0.00809,0.14119,0.01175,0.06919,0.0581,0.017295,0.09056,0.02449,0.043695,-0.23841,-0.19202,-0.23327,-0.18496,-0.24727
190,63,FC1=CC=C(NC2=NC=CC=N2)C=C1,-0.03449,-0.015681508,0.528320676,0.06868,0.05592,0.02018,0.06334,0.04253,0.06773,0.02339,0.11374,0.02627,0.0668,0.068205,0.039655,0.06696,0.044805,0.054665,-0.22046,-0.25929,0.35638,-0.25358,-0.22875
191,63,FC1=CC=C(NC2=NC=CC=N2)C=C1,-0.03449,-0.015681508,0.528320676,0.06868,0.05592,0.02018,0.06334,0.04253,0.06773,0.02339,0.11374,0.02627,0.0668,0.068205,0.039655,0.06696,0.044805,0.054665,-0.22046,-0.25929,0.35638,-0.25358,-0.22875
192,63,FC1=CC=C(NC2=NC=CC=N2)C=C1,-0.03449,-0.015681508,0.528320676,0.06868,0.05592,0.02018,0.06334,0.04253,0.06773,0.02339,0.11374,0.02627,0.0668,0.068205,0.039655,0.06696,0.044805,0.054665,-0.22046,-0.25929,0.35638,-0.25358,-0.22875
193,64,FC1=CC=C(NC2=CC=CC=N2)C=C1,-0.03449,-0.015681508,0.535303299,0.11047,0.08628,0.00317,0.10738,0.06053,0.05832,0.02238,0.09438,0.01995,0.05525,0.084395,0.05433,0.048775,0.063665,0.05789,-0.21515,-0.25608,0.35788,-0.25566,-0.22877
194,61,C1(NC2=NC=CC=N2)=CC=CC=C1,-0.03305,-0.030101198,0.528466269,0.06066,0.03184,0.03809,0.05425,0.02264,0.07684,0.00888,0.15139,0.01193,0.07494,0.06875,0.02036,0.09474,0.03309,0.04879,-0.23963,-0.19303,-0.23574,-0.18589,-0.24811
195,66,COC1=CC=C(NC2=NC=CC=N2)C=C1,-0.02653,-0.04539923,0.52785478,0.05682,0.05588,0.02457,0.04739,0.04809,0.04148,0.03903,0.09219,0.03809,0.06155,0.04915,0.047455,0.05838,0.04274,0.05482,-0.21632,-0.23121,0.26175,-0.27903,-0.22534
196,67,BrC1=CC=C(NC2=NC=CC=N2)C=C1,-0.0411,0.000520866,0.528151789,0.0758,0.03487,0.01618,0.07281,0.02573,0.06335,0.01134,0.08643,0.0141,0.06248,0.069575,0.023105,0.051305,0.043455,0.044105,-0.2259,-0.215,-0.10953,-0.20844,-0.23447
197,68,ClC1=CC=C(NC2=NC=CC=N2)C=C1,-0.03998,-0.004109271,0.528279911,0.07454,0.03757,0.0203,0.06836,0.02935,0.06529,0.01315,0.09955,0.01584,0.06466,0.069915,0.02536,0.059925,0.0421,0.047005,-0.22559,-0.20993,-0.06366,-0.20334,-0.23438
198,65,FC1=CC=C(NC2=CC=CC=C2)C=C1,-0.02421,-0.109399578,0.543206066,0.0682,0.14114,0.00107,0.08694,0.1341,0.06096,0.02091,0.09444,0.01685,0.05922,0.06458,0.081025,0.047755,0.051895,0.09666,-0.22481,-0.25551,0.35171,-0.25387,-0.23401
199,65,FC1=CC=C(NC2=CC=CC=C2)C=C1,-0.02421,-0.109399578,0.543206066,0.0682,0.14114,0.00107,0.08694,0.1341,0.06096,0.02091,0.09444,0.01685,0.05922,0.06458,0.081025,0.047755,0.051895,0.09666,-0.22481,-0.25551,0.35171,-0.25387,-0.23401
200,65,FC1=CC=C(NC2=CC=CC=C2)C=C1,-0.02421,-0.109399578,0.543206066,0.0682,0.14114,0.00107,0.08694,0.1341,0.06096,0.02091,0.09444,0.01685,0.05922,0.06458,0.081025,0.047755,0.051895,0.09666,-0.22481,-0.25551,0.35171,-0.25387,-0.23401
201,65,FC1=CC=C(NC2=CC=CC=C2)C=C1,-0.02421,-0.109399578,0.543206066,0.0682,0.14114,0.00107,0.08694,0.1341,0.06096,0.02091,0.09444,0.01685,0.05922,0.06458,0.081025,0.047755,0.051895,0.09666,-0.22481,-0.25551,0.35171,-0.25387,-0.23401
202,65,FC1=CC=C(NC2=CC=CC=C2)C=C1,-0.02421,-0.109399578,0.543206066,0.0682,0.14114,0.00107,0.08694,0.1341,0.06096,0.02091,0.09444,0.01685,0.05922,0.06458,0.081025,0.047755,0.051895,0.09666,-0.22481,-0.25551,0.35171,-0.25387,-0.23401
203,65,FC1=CC=C(NC2=CC=CC=C2)C=C1,-0.02421,-0.109399578,0.543206066,0.0682,0.14114,0.00107,0.08694,0.1341,0.06096,0.02091,0.09444,0.01685,0.05922,0.06458,0.081025,0.047755,0.051895,0.09666,-0.22481,-0.25551,0.35171,-0.25387,-0.23401
204,61,C1(NC2=NC=CC=N2)=CC=CC=C1,-0.03305,-0.030101198,0.528466269,0.06066,0.03184,0.03809,0.05425,0.02264,0.07684,0.00888,0.15139,0.01193,0.07494,0.06875,0.02036,0.09474,0.03309,0.04879,-0.23963,-0.19303,-0.23574,-0.18589,-0.24811
205,62,ClC(C=N1)=CN=C1NC2=CC=CC=C2,-0.04162,0.032349829,0.528343971,0.04393,0.0265,0.03993,0.03723,0.0182,0.07227,0.00809,0.14119,0.01175,0.06919,0.0581,0.017295,0.09056,0.02449,0.043695,-0.23841,-0.19202,-0.23327,-0.18496,-0.24727
206,69,ClC1=NC(NC2=CC=CC=C2)=NC(Cl)=C1,-0.05103,0.054310499,0.528355619,0.04114,0.02723,0.03668,0.03438,0.01903,0.07224,0.00932,0.14848,0.01304,0.06844,0.05669,0.018275,0.09258,0.02371,0.043735,-0.23564,-0.19172,-0.2282,-0.18409,-0.24318
207,62,ClC(C=N1)=CN=C1NC2=CC=CC=C2,-0.04162,0.032349829,0.528343971,0.04393,0.0265,0.03993,0.03723,0.0182,0.07227,0.00809,0.14119,0.01175,0.06919,0.0581,0.017295,0.09056,0.02449,0.043695,-0.23841,-0.19202,-0.23327,-0.18496,-0.24727
208,62,ClC(C=N1)=CN=C1NC2=CC=CC=C2,-0.04162,0.032349829,0.528343971,0.04393,0.0265,0.03993,0.03723,0.0182,0.07227,0.00809,0.14119,0.01175,0.06919,0.0581,0.017295,0.09056,0.02449,0.043695,-0.23841,-0.19202,-0.23327,-0.18496,-0.24727
209,62,ClC(C=N1)=CN=C1NC2=CC=CC=C2,-0.04162,0.032349829,0.528343971,0.04393,0.0265,0.03993,0.03723,0.0182,0.07227,0.00809,0.14119,0.01175,0.06919,0.0581,0.017295,0.09056,0.02449,0.043695,-0.23841,-0.19202,-0.23327,-0.18496,-0.24727
210,62,ClC(C=N1)=CN=C1NC2=CC=CC=C2,-0.04162,0.032349829,0.528343971,0.04393,0.0265,0.03993,0.03723,0.0182,0.07227,0.00809,0.14119,0.01175,0.06919,0.0581,0.017295,0.09056,0.02449,0.043695,-0.23841,-0.19202,-0.23327,-0.18496,-0.24727
211,62,ClC(C=N1)=CN=C1NC2=CC=CC=C2,-0.04162,0.032349829,0.528343971,0.04393,0.0265,0.03993,0.03723,0.0182,0.07227,0.00809,0.14119,0.01175,0.06919,0.0581,0.017295,0.09056,0.02449,0.043695,-0.23841,-0.19202,-0.23327,-0.18496,-0.24727
212,62,ClC(C=N1)=CN=C1NC2=CC=CC=C2,-0.04162,0.032349829,0.528343971,0.04393,0.0265,0.03993,0.03723,0.0182,0.07227,0.00809,0.14119,0.01175,0.06919,0.0581,0.017295,0.09056,0.02449,0.043695,-0.23841,-0.19202,-0.23327,-0.18496,-0.24727
213,62,ClC(C=N1)=CN=C1NC2=CC=CC=C2,-0.04162,0.032349829,0.528343971,0.04393,0.0265,0.03993,0.03723,0.0182,0.07227,0.00809,0.14119,0.01175,0.06919,0.0581,0.017295,0.09056,0.02449,0.043695,-0.23841,-0.19202,-0.23327,-0.18496,-0.24727
214,70,O=C(C)C1=CC=CC=C1,-0.02724,0.031346745,0.512421962,0.08028,0.0226,0.02453,0.16482,0.07573,0.10092,0.01074,0.10767,0.09231,0.01667,0.0906,0.01667,0.0661,0.128565,0.0462,-0.15162,-0.20934,-0.21303,-0.18274,-0.17571
215,71,CC(C1=CC=CC=C1)=NC2=CC=C(OC)C=C2,-0.02516,0.047407001,0.620428392,0.0418,0.0259,0.12681,0.01769,0.05806,0.00132,0.00726,0.04143,0.02214,0.01613,0.02156,0.01658,0.08412,0.019915,0.037095,-0.17572,-0.20267,-0.20127,-0.20578,-0.19392
216,72,CC(C1=CC=CC=C1)=NOC,-0.01757,-0.009235492,0.579988586,0.06108,0.02955,0.16491,0.02186,0.07278,0.04781,0.0155,0.13634,0.0251,0.05083,0.054445,0.022525,0.150625,0.02348,0.061805,-0.1683,-0.20889,-0.19659,-0.2101,-0.184
217,73,CC(C1=CC=CC=C1)=NOC(C)=O,-0.02608,0.059666957,0.589015328,0.0629,0.02346,0.14848,0.01944,0.06948,0.05241,0.01146,0.15623,0.03951,0.03571,0.057655,0.01746,0.152355,0.029475,0.052595,-0.15994,-0.20449,-0.18792,-0.20937,-0.17932
218,74,CC(C1=CC=CC=C1)=NOC(C(C)(C)C)=O,-0.02922,0.047373181,0.591216688,0.0523,0.0288,0.15024,0.02518,0.05849,0.05271,0.00417,0.14095,0.04895,0.0182,0.052505,0.016485,0.145595,0.037065,0.038345,-0.17307,-0.20597,-0.19769,-0.20413,-0.1855
219,75,ClC1=CC=CC(C2=CC=CC=C2)=N1,-0.0456,0.060639289,0.625104827,0.05587,0.01778,0.12493,0.01726,0.06142,0.04229,0.02091,0.14574,0.01708,0.04846,0.04908,0.019345,0.135335,0.01717,0.05494,-0.18163,-0.20612,-0.19646,-0.20304,-0.16859
220,1,C1(C2=CC=CC=C2)=NC=CC=C1,-0.03775,0.007041801,0.622082324,0.05431,0.02087,0.13195,0.01935,0.06176,0.04304,0.02618,0.15923,0.01435,0.05704,0.048675,0.023525,0.14559,0.01685,0.0594,-0.18525,-0.20694,-0.20087,-0.20451,-0.17126
221,76,O=C(C(C)(C)C)NC1=CC=CC=C1,-0.01694,-0.123512681,0.608833395,0.10192,0.12242,-0.00412,0.11195,0.10193,0.07946,0.01661,0.18588,0.01596,0.07996,0.09069,0.069515,0.09088,0.063955,0.090945,-0.24093,-0.19354,-0.23053,-0.18591,-0.23852
222,77,O=C(C(C)(C)C)N(CC)C1=CC=CC=C1,-0.01636,-0.0733711,0.756877795,0.09514,0.17167,-0.00068,0.10463,0.16386,0.01679,0.04589,0.12047,0.00829,0.04396,0.055965,0.10878,0.059895,0.05646,0.10391,-0.2176,-0.20102,-0.20923,-0.20038,-0.19309
223,78,O=C(C1=CC=CC=C1)NC2=CC=CC=C2,-0.03089,0.029755202,0.56872554,0.06151,0.019,0.14184,0.02677,0.05599,0.0152,0.01145,0.06604,0.02301,0.01816,0.038355,0.015225,0.10394,0.02489,0.037075,-0.19578,-0.20634,-0.19095,-0.20318,-0.16005
224,79,O=C(C1=CC=CC=C1)N2C3=CC=CC=C3CC2,-0.02544,0.035855081,0.621505777,0.04449,0.03032,0.1364,0.01753,0.05954,0.01613,0.01494,0.04591,0.01492,0.00283,0.03031,0.02263,0.091155,0.016225,0.031185,-0.16462,-0.20583,-0.19565,-0.20872,-0.19003
225,1,C1(C2=CC=CC=C2)=NC=CC=C1,-0.03775,0.007041801,0.622082324,0.05431,0.02087,0.13195,0.01935,0.06176,0.04304,0.02618,0.15923,0.01435,0.05704,0.048675,0.023525,0.14559,0.01685,0.0594,-0.18525,-0.20694,-0.20087,-0.20451,-0.17126
226,80,CC1=NN(C2=CC=CC=C2)C(OC)=C1,-0.0131,-0.127117856,0.647031075,0.0728,0.02022,0.16472,0.04902,0.03556,0.06162,0.01443,0.13906,0.01469,0.06037,0.06721,0.017325,0.15189,0.031855,0.047965,-0.2148,-0.19562,-0.222,-0.19656,-0.22782
227,81,ClC1=CC(C)=NN1C2=CC=CC=C2,-0.02379,0.04512609,0.66193976,0.14785,0.18618,-0.02109,0.16596,0.16725,0.05024,0.01953,0.13988,0.01633,0.05448,0.099045,0.102855,0.059395,0.091145,0.110865,-0.21276,-0.19718,-0.20903,-0.19698,-0.19991
228,82,CN(C)C1=CC=CC=C1,-0.00565,-0.221123927,0.557666325,0.16896,0.18262,-0.02426,0.18262,0.16896,0.10679,0.00586,0.17116,0.00587,0.10678,0.137875,0.09424,0.07345,0.094245,0.13787,-0.27694,-0.18352,-0.26012,-0.18352,-0.27694
229,83,CC1=CC=CC=C1C2=NCCO2,-0.01626,-0.007210387,0.609701127,0.06838,0.02236,0.1597,0.01914,0.06428,0.03646,0.02665,0.14525,0.0038,0.0707,0.05242,0.024505,0.152475,0.01147,0.06749,-0.15647,-0.21549,-0.18931,-0.20529,0.01742
230,84,FC1=CC=CC(N2C=CC=N2)=C1,-0.02599,-0.040078437,0.60755218,0.0349,0.04875,0.15285,0.00843,0.08235,0.09715,-0.00063,0.17398,0.01699,0.0443,0.066025,0.02406,0.163415,0.01271,0.063325,-0.24828,-0.17431,-0.28764,0.3959,-0.28289
231,1,C1(C2=CC=CC=C2)=NC=CC=C1,-0.03775,0.007041801,0.622082324,0.05431,0.02087,0.13195,0.01935,0.06176,0.04304,0.02618,0.15923,0.01435,0.05704,0.048675,0.023525,0.14559,0.01685,0.0594,-0.18525,-0.20694,-0.20087,-0.20451,-0.17126
232,85,C1(C2=NC(C=CC=C3)=C3N2CC4=CC=CC=C4)=CC=CC=C1,-0.02906,0.034565828,0.682404258,0.06054,0.01068,0.12263,0.03129,0.0352,0.03402,0.01339,0.08475,0.01076,0.03343,0.04728,0.012035,0.10369,0.021025,0.034315,-0.19868,-0.20438,-0.19959,-0.20203,-0.16479
233,86,CC(C=N1)=CN=C1NC2=CC=CC=C2,-0.04966,-0.006653,0.527796543,0.01305,0.07334,0.01064,0.14284,0.00775,-0.01171,0.011,0.04996,0.0468,0.02013,0.00067,0.04217,0.0303,0.09482,0.01394,0.1455,-0.25001,-0.18598,-0.23787,-0.19321
234,87,CC1=CC=CC=C1C(O)=O,-0.06073,0.002318,0.499790347,0.04999,0.20257,0.08531,0.00482,0.23736,0.08525,0.07712,0.0225,0.18158,0.0207,0.06762,0.139845,0.053905,0.0932,0.12903,-0.18235,0.04634,-0.21316,-0.17135,-0.22413
235,1,C1(C2=CC=CC=C2)=NC=CC=C1,-0.03775,0.007041801,0.622082324,0.05431,0.02087,0.13195,0.01935,0.06176,0.04304,0.02618,0.15923,0.01435,0.05704,-0.005465,-0.0152,0.078025,0.02178,0.06351,0.14216,-0.07839,-0.19997,-0.21597,-0.20978
236,24,CC(C=CC=C1)=C1C2=NC=CC=C2,-0.03382,-0.01223597,0.65755451,0.04917,0.01958,0.12397,0.01889,0.04685,-0.00375,0.08333,0.13917,-0.01456,0.10754,0.02271,0.051455,0.13157,0.002165,0.077195,-0.18274,-0.21747,-0.19549,-0.20332,0.02082
237,88,FC(C(C=CC=C1)=C1C2=NC=CC=C2)(F)F,-0.0586,0.011594278,0.703579249,0.07075,0.08639,0.00044,0.12402,0.06813,0.07776,0.03691,0.03111,0.14886,0.01134,0.074255,0.06165,0.015775,0.13644,0.039735,-0.02883,-0.11909,-0.17263,-0.20265,-0.18798
238,89,COC(C=CC=C1)=C1C2=NC=CC=C2,-0.0492,-0.002969859,0.660891493,0.03525,0.03285,0.03572,0.13431,0.00524,0.11937,0.07395,0.0087,0.09608,0.10627,0.07731,0.0534,0.02221,0.115195,0.055755,-0.118,0.30578,-0.30048,-0.1793,-0.23723
239,90,C1(OC2=NC=CC=C2)=CC=CC=C1,-0.03954,-0.016139,0.607039694,0.069,0.017,0.048,0.084,0.013,0.06,0.007,0.141,0.034,0.041,0.0645,0.012,0.0945,0.059,0.027,-0.233,-0.196,-0.222,-0.197,-0.238
240,90,C1(OC2=NC=CC=C2)=CC=CC=C1,-0.03954,-0.016139,0.607039694,0.069,0.017,0.048,0.084,0.013,0.06,0.007,0.141,0.034,0.041,0.0645,0.012,0.0945,0.059,0.027,-0.233,-0.196,-0.222,-0.197,-0.238
241,1,C1(C2=CC=CC=C2)=NC=CC=C1,-0.03775,0.007041801,0.622082324,0.05431,0.02087,0.13195,0.01935,0.06176,0.04304,0.02618,0.15923,0.01435,0.05704,0.048675,0.023525,0.14559,0.01685,0.0594,-0.18525,-0.20694,-0.20087,-0.20451,-0.17126
242,1,C1(C2=CC=CC=C2)=NC=CC=C1,-0.03775,0.007041801,0.622082324,0.05431,0.02087,0.13195,0.01935,0.06176,0.04304,0.02618,0.15923,0.01435,0.05704,0.048675,0.023525,0.14559,0.01685,0.0594,-0.18525,-0.20694,-0.20087,-0.20451,-0.17126
243,91,COC1=CC=C(CC2=C(C3=NC=CC=C3)C=CC=C2)C=C1,-0.04857,0.00063,0.678985744,0.037,0.011,0.108,0.018,0.043,-0.004,0.008,0.057,0.018,0.035,0.0165,0.0095,0.0825,0.018,0.039,0.03,-0.21,-0.192,-0.217,-0.184
244,1,C1(C2=CC=CC=C2)=NC=CC=C1,-0.03775,0.007041801,0.622082324,0.05431,0.02087,0.13195,0.01935,0.06176,0.04304,0.02618,0.15923,0.01435,0.05704,0.048675,0.023525,0.14559,0.01685,0.0594,-0.18525,-0.20694,-0.20087,-0.20451,-0.17126
245,1,C1(C2=CC=CC=C2)=NC=CC=C1,-0.03775,0.007041801,0.622082324,0.05431,0.02087,0.13195,0.01935,0.06176,0.04304,0.02618,0.15923,0.01435,0.05704,0.048675,0.023525,0.14559,0.01685,0.0594,-0.18525,-0.20694,-0.20087,-0.20451,-0.17126
246,1,C1(C2=CC=CC=C2)=NC=CC=C1,-0.03775,0.007041801,0.622082324,0.05431,0.02087,0.13195,0.01935,0.06176,0.04304,0.02618,0.15923,0.01435,0.05704,0.048675,0.023525,0.14559,0.01685,0.0594,-0.18525,-0.20694,-0.20087,-0.20451,-0.17126
247,1,C1(C2=CC=CC=C2)=NC=CC=C1,-0.03775,0.007041801,0.622082324,0.05431,0.02087,0.13195,0.01935,0.06176,0.04304,0.02618,0.15923,0.01435,0.05704,0.048675,0.023525,0.14559,0.01685,0.0594,-0.18525,-0.20694,-0.20087,-0.20451,-0.17126
248,1,C1(C2=CC=CC=C2)=NC=CC=C1,-0.03775,0.007041801,0.622082324,0.05431,0.02087,0.13195,0.01935,0.06176,0.04304,0.02618,0.15923,0.01435,0.05704,0.048675,0.023525,0.14559,0.01685,0.0594,-0.18525,-0.20694,-0.20087,-0.20451,-0.17126
249,91,COC1=CC=C(CC2=C(C3=NC=CC=C3)C=CC=C2)C=C1,-0.04857,0.00063,0.678985744,0.037,0.011,0.108,0.018,0.043,-0.004,0.008,0.057,0.018,0.035,0.0165,0.0095,0.0825,0.018,0.039,0.03,-0.21,-0.192,-0.217,-0.184
250,1,C1(C2=CC=CC=C2)=NC=CC=C1,-0.03775,0.007041801,0.622082324,0.05431,0.02087,0.13195,0.01935,0.06176,0.04304,0.02618,0.15923,0.01435,0.05704,0.048675,0.023525,0.14559,0.01685,0.0594,-0.18525,-0.20694,-0.20087,-0.20451,-0.17126
251,92,FC(C1=CC=C(CC2=C(C3=NC=CC=C3)C=CC=C2)C=C1)(F)F,-0.05619,0.009399,0.679131336,0.033,0.007,0.103,0.019,0.041,0.106,-0.014,0.103,0.09,-0.011,0.0695,-0.0035,0.103,0.0545,0.015,0.027,-0.211,-0.191,-0.213,-0.182
252,84,FC1=CC=CC(N2C=CC=N2)=C1,-0.02599,-0.040078437,0.60755218,0.0349,0.04875,0.15285,0.00843,0.08235,0.09715,-0.00063,0.17398,0.01699,0.0443,0.066025,0.02406,0.163415,0.01271,0.063325,-0.24828,-0.17431,-0.28764,0.3959,-0.28289
253,93,FC1=CC=CC(N2C=CC=N2)=C1C3=CC=C(OC)C=C3,-0.04522,-0.001414,0.696946049,0.118,-0.09,0.131,0.252,-0.027,-0.012,0.087,0.008,-0.07,0.024,0.053,-0.0015,0.0695,0.091,-0.0015,-0.091,0.321,-0.24,-0.048,-0.23
254,94,FC1=CC(C2=NCCO2)=CC=C1,-0.05696,0.001687,0.616677926,0.094,0.007,0.173,0.042,0.055,0.008,0.067,0.127,-0.007,0.116,0.051,0.037,0.15,0.0175,0.0855,-0.241,0.378,-0.261,-0.191,-0.177
255,95,FC1=C(C2=CC=C(OC)C=C2)C(C3=NCCO3)=CC=C1,-0.05105,0.004593,0.690889396,0.104,-0.018,0.13,0.082,0.009,-0.018,0.047,0.002,0.084,0.032,0.043,0.0145,0.066,0.083,0.0205,-0.066,0.391,-0.256,-0.196,-0.173
